name,x,y
beehive,-36.837484,149.709759
